container_name,ip,external_port
many_ubuntu_00000,10.199.0.2,30000
many_ubuntu_00001,10.199.0.3,30001
many_ubuntu_00002,10.199.0.4,30002
many_ubuntu_00003,10.199.0.5,30003
many_ubuntu_00004,10.199.0.6,30004
many_ubuntu_00005,10.199.0.7,30005
many_ubuntu_00006,10.199.0.8,30006
many_ubuntu_00007,10.199.0.9,30007
many_ubuntu_00008,10.199.0.10,30008
many_ubuntu_00009,10.199.0.11,30009
many_ubuntu_00010,10.199.0.12,30010
many_ubuntu_00011,10.199.0.13,30011
many_ubuntu_00012,10.199.0.14,30012
many_ubuntu_00013,10.199.0.15,30013
many_ubuntu_00014,10.199.0.16,30014
many_ubuntu_00015,10.199.0.17,30015
many_ubuntu_00016,10.199.0.18,30016
many_ubuntu_00017,10.199.0.19,30017
many_ubuntu_00018,10.199.0.20,30018
many_ubuntu_00019,10.199.0.21,30019
many_ubuntu_00020,10.199.0.22,30020
many_ubuntu_00021,10.199.0.23,30021
many_ubuntu_00022,10.199.0.24,30022
many_ubuntu_00023,10.199.0.25,30023
many_ubuntu_00024,10.199.0.26,30024
many_ubuntu_00025,10.199.0.27,30025
many_ubuntu_00026,10.199.0.28,30026
many_ubuntu_00027,10.199.0.29,30027
many_ubuntu_00028,10.199.0.30,30028
many_ubuntu_00029,10.199.0.31,30029
many_ubuntu_00030,10.199.0.32,30030
many_ubuntu_00031,10.199.0.33,30031
many_ubuntu_00032,10.199.0.34,30032
many_ubuntu_00033,10.199.0.35,30033
many_ubuntu_00034,10.199.0.36,30034
many_ubuntu_00035,10.199.0.37,30035
many_ubuntu_00036,10.199.0.38,30036
many_ubuntu_00037,10.199.0.39,30037
many_ubuntu_00038,10.199.0.40,30038
many_ubuntu_00039,10.199.0.41,30039
many_ubuntu_00040,10.199.0.42,30040
many_ubuntu_00041,10.199.0.43,30041
many_ubuntu_00042,10.199.0.44,30042
many_ubuntu_00043,10.199.0.45,30043
many_ubuntu_00044,10.199.0.46,30044
many_ubuntu_00045,10.199.0.47,30045
many_ubuntu_00046,10.199.0.48,30046
many_ubuntu_00047,10.199.0.49,30047
many_ubuntu_00048,10.199.0.50,30048
many_ubuntu_00049,10.199.0.51,30049
many_ubuntu_00050,10.199.0.52,30050
many_ubuntu_00051,10.199.0.53,30051
many_ubuntu_00052,10.199.0.54,30052
many_ubuntu_00053,10.199.0.55,30053
many_ubuntu_00054,10.199.0.56,30054
many_ubuntu_00055,10.199.0.57,30055
many_ubuntu_00056,10.199.0.58,30056
many_ubuntu_00057,10.199.0.59,30057
many_ubuntu_00058,10.199.0.60,30058
many_ubuntu_00059,10.199.0.61,30059
many_ubuntu_00060,10.199.0.62,30060
many_ubuntu_00061,10.199.0.63,30061
many_ubuntu_00062,10.199.0.64,30062
many_ubuntu_00063,10.199.0.65,30063
many_ubuntu_00064,10.199.0.66,30064
many_ubuntu_00065,10.199.0.67,30065
many_ubuntu_00066,10.199.0.68,30066
many_ubuntu_00067,10.199.0.69,30067
many_ubuntu_00068,10.199.0.70,30068
many_ubuntu_00069,10.199.0.71,30069
many_ubuntu_00070,10.199.0.72,30070
many_ubuntu_00071,10.199.0.73,30071
many_ubuntu_00072,10.199.0.74,30072
many_ubuntu_00073,10.199.0.75,30073
many_ubuntu_00074,10.199.0.76,30074
many_ubuntu_00075,10.199.0.77,30075
many_ubuntu_00076,10.199.0.78,30076
many_ubuntu_00077,10.199.0.79,30077
many_ubuntu_00078,10.199.0.80,30078
many_ubuntu_00079,10.199.0.81,30079
many_ubuntu_00080,10.199.0.82,30080
many_ubuntu_00081,10.199.0.83,30081
many_ubuntu_00082,10.199.0.84,30082
many_ubuntu_00083,10.199.0.85,30083
many_ubuntu_00084,10.199.0.86,30084
many_ubuntu_00085,10.199.0.87,30085
many_ubuntu_00086,10.199.0.88,30086
many_ubuntu_00087,10.199.0.89,30087
many_ubuntu_00088,10.199.0.90,30088
many_ubuntu_00089,10.199.0.91,30089
many_ubuntu_00090,10.199.0.92,30090
many_ubuntu_00091,10.199.0.93,30091
many_ubuntu_00092,10.199.0.94,30092
many_ubuntu_00093,10.199.0.95,30093
many_ubuntu_00094,10.199.0.96,30094
many_ubuntu_00095,10.199.0.97,30095
many_ubuntu_00096,10.199.0.98,30096
many_ubuntu_00097,10.199.0.99,30097
many_ubuntu_00098,10.199.0.100,30098
many_ubuntu_00099,10.199.0.101,30099
many_ubuntu_00100,10.199.0.102,30100
